datetime,open,high,low,close,volume
20210301,2179.0,2179.0,2120.0,2158.0,44916.26
20210302,2180.0,2180.0,2033.0,2058.0,70764.5
20210303,2040.0,2149.77,2033.0,2140.0,54215.46
20210304,2095.0,2096.0,2010.1,2033.0,65088.29
20210305,2000.0,2095.0,1988.0,2060.11,63779.2
20210308,2074.96,2085.0,1960.0,1960.0,63099.59
20210309,1955.0,2000.0,1900.18,1936.99,82265.81
20210310,1977.0,1999.87,1967.0,1970.01,51171.74
20210311,1975.0,2079.99,1961.48,2048.0,56768.97
20210312,2070.0,2077.0,2002.01,2026.0,40322.51
20210315,2050.0,2069.8,1951.15,1975.45,62484.87
20210316,1974.93,2019.99,1965.0,2010.5,34648.5
20210317,2000.0,2050.0,1976.01,2030.36,31374.91
20210318,2035.0,2086.36,2035.0,2069.7,33864.88
20210319,2035.0,2043.0,1992.23,2010.0,35780.77
20210322,2000.1,2026.09,1955.55,1989.99,36914.07
20210323,1998.88,2008.8,1970.0,1996.0,27446.19
20210324,1981.0,2013.0,1981.0,1989.0,29357.39
20210325,1970.01,1988.88,1946.8,1971.0,31575.23
20210326,1985.0,2022.0,1958.0,2013.0,50016.42
20210329,2043.2,2096.35,2026.15,2034.1,56992.2
20210330,2040.0,2086.0,2035.08,2056.05,32626.97
20210331,2045.1,2046.02,2000.0,2009.0,37154.41
20210401,2021.0,2046.8,2001.22,2044.5,26587.63
20210402,2056.0,2165.0,2056.0,2162.0,52027.57
20210406,2161.0,2161.98,2102.3,2126.03,32741.77
20210407,2104.06,2117.3,2050.0,2061.0,40200.97
20210408,2047.03,2079.0,2044.0,2070.0,28547.62
20210409,2042.0,2054.0,2005.01,2020.0,28808.86
20210412,2011.0,2030.0,1991.7,2008.89,31943.07
20210413,2020.0,2049.8,2009.0,2021.0,28992.15
20210414,2035.0,2048.0,2016.0,2047.0,24114.65
20210415,2030.9,2046.9,1990.0,2015.6,34366.21
20210416,2025.08,2068.0,2012.0,2054.98,30293.7
20210419,2055.0,2098.36,2033.0,2088.0,31753.91
20210420,2071.1,2129.0,2070.0,2094.8,28290.37
20210421,2076.0,2097.8,2065.1,2080.0,26149.75
20210422,2089.9,2099.0,2051.5,2055.5,26850.02
20210423,2055.97,2119.88,2052.5,2108.94,33462.77
20210426,2132.0,2135.0,2073.6,2077.82,34045.11
20210427,2087.08,2095.25,2065.09,2094.44,22107.85
20210428,2010.0,2047.5,2003.0,2042.0,81342.95
20210429,2047.04,2049.94,2014.0,2026.36,41283.78
20210430,2026.0,2036.0,2003.71,2006.78,38401.37
20210506,2000.0,2006.84,1953.0,1959.0,53546.14
20210507,1965.0,1967.98,1901.0,1903.0,52493.39
20210510,1900.0,1909.0,1866.01,1879.03,46003.18
20210511,1876.0,1966.0,1873.3,1959.0,42494.12
20210512,1949.08,1999.0,1949.0,1984.0,32698.87
20210513,1965.75,1985.05,1953.0,1971.5,25077.51
20210514,1982.0,2030.5,1976.0,2009.85,35611.29
20210517,2025.1,2085.2,2025.1,2057.96,44524.0
20210518,2065.0,2077.0,2045.06,2059.31,17504.28
20210519,2059.0,2074.81,2040.0,2049.0,22409.72
20210520,2074.0,2074.1,2045.36,2058.88,21857.16
20210521,2055.08,2079.88,2037.02,2042.1,24248.23
20210524,2051.0,2080.06,2031.0,2071.29,32548.08
20210525,2085.0,2200.1,2085.0,2194.5,67756.95
20210526,2207.98,2241.8,2193.08,2220.0,38604.2
20210527,2211.02,2320.0,2201.1,2245.0,45373.38
20210528,2240.97,2250.0,2205.51,2230.0,25807.31
20210531,2215.5,2218.35,2172.0,2218.0,31739.0
20210601,2222.0,2248.95,2206.0,2240.95,30616.34
20210602,2250.0,2264.0,2208.18,2222.0,22862.77
20210603,2220.0,2260.34,2210.08,2222.22,23450.31
20210604,2215.0,2288.0,2214.04,2251.5,31422.19
20210607,2265.0,2279.0,2240.01,2271.0,25466.27
20210608,2260.0,2279.99,2161.15,2191.0,47313.63
20210609,2192.0,2214.0,2160.11,2199.5,25502.35
20210610,2195.0,2251.37,2190.08,2238.48,25566.63
20210611,2239.0,2244.0,2178.81,2178.81,33970.66
20210615,2195.1,2208.88,2148.0,2193.0,29361.3
20210616,2192.0,2195.0,2148.0,2158.0,27593.15
20210617,2155.65,2188.0,2144.36,2156.91,21067.53
20210618,2147.0,2156.5,2065.0,2090.94,54028.21
20210621,2085.0,2099.69,2050.0,2081.64,35488.26
20210622,2092.0,2098.0,2053.89,2074.97,33228.18
20210623,2080.0,2083.0,2034.15,2038.0,37079.01
20210624,2040.01,2080.0,2021.0,2068.05,31473.7
20210625,2049.96,2109.0,2042.6,2092.0,35875.43
20210628,2100.0,2118.0,2073.0,2103.01,27452.42
20210629,2108.0,2115.0,2051.0,2062.0,33030.63
20210630,2065.0,2074.0,2046.3,2056.7,21915.66
20210701,2059.97,2110.0,2031.6,2105.0,33701.24
20210702,2075.0,2075.0,2011.5,2013.0,46275.31
20210705,2000.0,2019.88,1985.0,1994.0,34420.95
20210706,1995.0,2014.0,1960.01,2012.9,35282.51
20210707,2010.0,2028.88,1999.01,2004.0,28122.12
20210708,2000.1,2004.0,1968.0,1985.0,35516.69
20210709,1964.52,1985.91,1945.0,1972.11,30907.9
20210712,1975.55,1998.78,1940.5,1961.0,39010.24
20210713,1968.0,2005.5,1965.0,1982.9,29924.71
20210714,1974.0,1974.5,1945.0,1962.0,30770.69
20210715,1955.02,2013.0,1950.6,1997.99,42190.05
20210716,1980.0,1996.6,1950.0,1955.9,35407.64
20210719,1955.89,1986.0,1941.0,1975.0,30052.34
20210720,1975.0,1988.93,1961.41,1980.0,23475.21
20210721,1989.0,2006.0,1962.01,1969.0,29780.13
20210722,1960.0,1973.9,1938.96,1940.01,39090.47
20210723,1937.82,1937.82,1895.09,1900.0,47585.47
20210726,1879.0,1879.0,1780.0,1804.11,98619.48
20210727,1803.0,1810.0,1703.0,1712.89,86576.99
20210728,1703.0,1788.2,1682.12,1768.9,85368.84
20210729,1810.01,1823.0,1734.34,1749.79,63863.85
20210730,1725.0,1725.0,1657.76,1678.99,77735.89
20210802,1664.0,1755.98,1620.72,1755.0,97400.65
20210803,1730.0,1768.99,1688.8,1749.3,54374.75
20210804,1734.06,1760.0,1718.0,1724.0,38175.49
20210805,1692.88,1745.0,1676.36,1699.0,48059.69
20210806,1689.0,1694.01,1646.6,1671.0,45686.1
20210809,1651.0,1709.0,1650.0,1693.8,47697.75
20210810,1700.0,1802.88,1675.0,1799.0,83285.05
20210811,1780.01,1785.01,1750.01,1750.5,38662.59
20210812,1732.0,1749.0,1686.19,1690.0,47550.97
20210813,1690.0,1713.0,1679.0,1700.04,37904.52
20210816,1696.0,1713.6,1685.08,1699.2,28056.97
20210817,1700.0,1700.0,1628.88,1635.0,61200.77
20210818,1624.66,1642.99,1600.0,1620.0,59970.26
20210819,1622.22,1643.2,1600.0,1619.97,41291.95
20210820,1555.17,1597.55,1525.5,1548.0,114544.54
20210823,1537.88,1599.0,1536.77,1570.19,71597.2
20210824,1575.0,1642.55,1565.77,1625.18,72594.47
20210825,1647.64,1680.87,1643.0,1665.02,54238.9
20210826,1664.99,1664.99,1594.72,1595.0,54020.37
20210827,1589.0,1625.0,1584.1,1596.03,36095.45
20210830,1605.0,1613.0,1545.95,1586.0,51587.7
20210831,1589.8,1616.35,1555.1,1558.0,43677.09
20210901,1559.0,1634.99,1531.1,1622.01,77316.1
20210902,1632.99,1643.0,1600.89,1618.8,42836.79
20210903,1610.02,1659.79,1582.0,1658.22,52835.18
20210906,1649.0,1708.16,1626.15,1670.67,55338.06
20210907,1661.03,1684.48,1651.0,1669.0,31211.22
20210908,1660.0,1671.18,1628.08,1633.1,33063.67
20210909,1626.0,1645.0,1624.01,1634.08,19950.13
20210910,1634.08,1668.8,1633.0,1662.58,33388.11
20210913,1665.0,1684.0,1640.1,1654.0,27720.02
20210914,1659.0,1683.0,1653.0,1657.0,33760.61
20210915,1650.0,1660.0,1610.0,1615.74,41570.05
20210916,1603.0,1644.0,1585.0,1638.07,45968.02
20210917,1620.0,1705.6,1620.0,1686.0,55130.25
20210922,1658.83,1688.0,1635.0,1637.69,31743.0
20210923,1638.0,1655.88,1625.08,1635.0,30341.81
20210924,1628.0,1719.98,1628.0,1694.0,69536.6
20210927,1750.0,1863.4,1750.0,1855.0,126868.92
20210928,1848.0,1860.0,1795.0,1822.06,49221.05
20210929,1809.0,1845.01,1785.9,1820.0,43290.65
20210930,1818.18,1850.22,1803.4,1830.0,40539.29
20211008,1822.42,1878.0,1807.23,1839.6,47451.96
20211011,1839.51,1889.9,1831.01,1867.12,37675.57
20211012,1866.0,1877.0,1842.42,1870.99,30606.42
20211013,1870.0,1949.95,1862.0,1929.9,50142.61
20211014,1928.93,1941.8,1896.0,1911.0,26622.55
20211015,1890.1,1929.99,1890.1,1916.97,28560.78
20211018,1888.0,1888.0,1787.0,1800.0,69652.02
20211019,1800.0,1838.8,1799.88,1812.18,40314.56
20211020,1833.0,1849.8,1806.01,1841.0,28663.39
20211021,1841.1,1860.0,1829.0,1844.0,23018.7
20211022,1855.0,1921.01,1854.0,1901.0,35962.6
20211025,1880.0,1885.01,1858.0,1873.03,32461.33
20211026,1864.03,1878.99,1844.0,1861.05,21130.26
20211027,1852.3,1858.3,1800.1,1819.0,34647.29
20211028,1825.2,1843.78,1802.0,1825.49,29490.93
20211029,1825.0,1848.0,1813.0,1826.08,28775.86
20211101,1780.0,1826.3,1760.0,1803.0,41689.98
20211102,1796.7,1844.22,1788.0,1804.64,32500.24
20211103,1800.0,1809.98,1761.19,1765.0,27829.31
20211104,1777.94,1816.0,1769.42,1804.2,31130.43
20211105,1804.21,1844.99,1804.21,1819.94,27077.23
20211108,1820.0,1830.8,1802.05,1820.1,17705.72
20211109,1819.98,1827.87,1782.0,1790.01,27351.92
20211110,1790.01,1795.0,1735.0,1753.99,35348.77
20211111,1752.93,1769.6,1741.5,1769.6,22651.87
20211112,1778.0,1785.05,1766.66,1773.78,17606.63
20211115,1773.68,1784.0,1750.0,1761.14,24947.35
20211116,1768.0,1818.0,1765.0,1808.0,33526.24
20211117,1805.0,1820.5,1790.01,1795.0,24505.46
20211118,1781.22,1807.0,1770.0,1792.0,19520.89
20211119,1794.19,1849.0,1788.2,1828.41,31155.59
20211122,1849.0,1909.0,1848.0,1854.27,42572.68
20211123,1852.0,1917.0,1852.0,1896.43,45782.2
20211124,1900.0,1966.0,1897.0,1941.0,54512.35
20211125,1953.0,1986.2,1946.25,1956.03,39752.88
20211126,1964.83,1967.0,1925.0,1941.01,32655.57
20211129,1960.0,1990.0,1951.08,1985.0,42399.34
20211130,1985.4,1989.9,1927.5,1930.77,36924.87
20211201,1950.0,1959.95,1919.02,1932.99,26254.4
20211202,1940.0,1942.15,1919.6,1934.0,20421.82
20211203,1932.0,1988.62,1931.05,1971.88,35818.39
20211206,1983.0,1990.0,1950.0,1967.3,31063.88
20211207,1980.74,1987.87,1946.73,1955.87,36979.89
20211208,1964.88,2045.0,1950.0,2043.0,61048.07
20211209,2054.94,2116.92,2045.0,2086.55,64239.18
20211210,2060.0,2095.78,2056.0,2090.0,43148.22
20211213,2154.0,2180.0,2118.0,2118.2,65806.56
20211214,2118.2,2167.9,2100.0,2150.0,40449.41
20211215,2142.15,2164.95,2125.02,2135.0,30078.27
20211216,2115.0,2144.05,2086.23,2118.99,37211.36
20211217,2100.5,2108.0,2036.0,2050.7,48403.18
20211220,2050.7,2085.66,2041.0,2058.96,32257.69
20211221,2045.0,2069.13,2012.83,2038.2,26285.89
20211222,2040.0,2063.0,2040.0,2048.0,17430.79
20211223,2053.0,2120.0,2025.0,2120.0,39098.54
20211224,2148.88,2216.96,2148.88,2194.09,56129.59
20211227,2168.0,2168.0,2112.0,2131.82,37555.9
20211228,2133.0,2155.5,2116.6,2138.18,27650.7
20211229,2150.0,2154.25,2041.0,2041.0,54049.02
20211230,2041.0,2088.98,2028.0,2075.0,35261.36
20211231,2070.0,2072.98,2028.0,2050.0,29664.91
20220104,2055.0,2068.95,2014.0,2051.23,33842.62
20220105,2045.0,2065.0,2018.0,2024.0,28395.51
20220106,2022.01,2036.0,1938.51,1982.22,51794.75
20220107,1975.0,1988.88,1939.32,1942.0,29816.69
20220110,1928.01,1977.0,1917.55,1966.0,29626.7
20220111,1948.0,1965.0,1931.17,1940.55,22276.64
20220112,1948.0,1978.8,1948.0,1967.0,27474.1
20220113,1964.82,1967.99,1865.56,1877.39,56747.35
20220114,1877.39,1893.0,1863.0,1867.0,29321.64
20220117,1868.0,1878.3,1835.34,1861.61,27353.82
20220118,1861.68,1908.85,1852.0,1892.27,31215.77
20220119,1919.0,1919.0,1888.88,1912.0,26370.94
20220120,1916.0,1979.99,1916.0,1969.52,34013.91
20220121,1960.0,1993.49,1951.01,1984.99,30812.58
20220124,1955.0,1984.0,1931.44,1950.2,23985.8
20220125,1943.0,1966.0,1931.0,1943.0,25510.12
20220126,1942.04,1969.0,1919.0,1955.0,23905.13
20220127,2001.01,2010.82,1952.0,1965.0,42665.16
20220128,1955.0,1968.0,1880.01,1887.0,41020.11
20220207,1900.99,1913.56,1850.0,1867.96,35150.42
20220208,1868.88,1872.87,1790.0,1839.0,41713.06
20220209,1839.09,1908.0,1826.97,1895.98,33884.79
20220210,1900.0,1905.9,1857.39,1873.0,23031.83
20220211,1857.0,1900.79,1841.0,1849.97,33746.49
20220214,1840.0,1877.0,1837.31,1868.67,20195.87
20220215,1868.8,1911.0,1859.0,1890.62,27105.86
20220216,1900.0,1907.0,1888.0,1892.55,14586.85
20220217,1900.61,1911.48,1881.0,1886.99,18213.66
20220218,1877.63,1907.98,1865.66,1907.0,19385.49
20220221,1900.0,1906.9,1868.95,1876.99,20815.73
20220222,1860.01,1861.0,1800.02,1807.87,52298.81
20220223,1811.41,1834.0,1800.08,1827.01,28111.61
20220224,1808.0,1813.99,1748.1,1764.11,65359.25
20220225,1775.0,1808.28,1775.0,1799.06,38979.13
20220228,1787.06,1797.0,1767.0,1790.4,28923.03
20220301,1802.0,1863.57,1802.0,1858.48,47379.3
20220302,1840.0,1850.99,1825.0,1844.88,20074.48
20220303,1845.8,1850.25,1794.0,1800.0,31546.93
20220304,1772.0,1792.89,1755.1,1780.5,31047.03
20220307,1760.2,1768.0,1703.8,1707.0,49155.81
20220308,1759.98,1786.66,1732.0,1753.2,57215.46
20220309,1764.1,1805.0,1721.11,1779.18,56434.42
20220310,1808.0,1821.0,1791.0,1794.43,36461.78
20220311,1766.0,1777.0,1718.08,1769.01,47726.77
20220314,1730.0,1750.0,1700.0,1700.0,49006.61
20220315,1650.0,1685.0,1603.0,1603.0,89055.87
20220316,1634.0,1683.9,1593.0,1674.95,77592.81
20220317,1720.0,1755.0,1711.66,1720.15,68351.96
20220318,1718.0,1745.0,1692.28,1707.79,38348.68
20220321,1724.0,1725.65,1695.01,1704.3,27877.16
20220322,1723.88,1723.88,1686.33,1695.0,21054.04
20220323,1705.0,1770.0,1697.0,1752.19,58067.39
20220324,1738.0,1740.0,1717.35,1720.93,25815.32
20220325,1712.0,1734.0,1685.0,1690.0,29708.66
20220328,1625.0,1664.8,1604.0,1660.8,57541.64
20220329,1661.5,1691.5,1661.5,1667.0,25934.98
20220330,1698.0,1730.1,1695.0,1730.1,42433.43
20220331,1720.0,1738.6,1708.8,1719.0,25173.86
20220401,1729.94,1793.0,1721.69,1780.01,44861.91
20220406,1753.0,1788.73,1753.0,1765.0,27819.77
20220407,1758.0,1785.0,1750.1,1765.0,20195.71
20220408,1768.0,1788.7,1766.54,1784.0,22941.32
20220411,1770.0,1770.0,1706.03,1720.0,43863.59
20220412,1729.0,1787.97,1708.0,1782.0,41629.56
20220413,1767.0,1795.0,1751.08,1769.0,31147.66
20220414,1788.0,1835.9,1780.2,1809.0,37649.86
20220415,1802.2,1818.0,1795.89,1805.99,21041.13
20220418,1781.13,1798.0,1768.0,1790.82,19793.15
20220419,1800.0,1832.99,1775.5,1790.3,24204.76
20220420,1801.69,1820.0,1768.68,1797.0,24155.72
20220421,1790.2,1806.0,1770.0,1779.98,28952.61
20220422,1763.0,1787.88,1760.18,1773.0,27899.75
20220425,1750.0,1776.5,1702.0,1708.0,53658.02
20220426,1703.33,1748.98,1700.0,1732.48,44563.96
20220427,1767.12,1810.0,1767.12,1794.92,57402.44
20220428,1793.0,1845.0,1786.5,1835.0,44010.06
20220429,1836.0,1849.0,1810.98,1828.38,34885.27
20220505,1830.0,1870.0,1828.98,1837.0,33660.94
20220506,1814.99,1819.0,1781.0,1793.0,28596.18
20220509,1780.0,1780.0,1738.0,1752.0,30351.82
20220510,1720.0,1784.96,1705.01,1766.19,40119.19
20220511,1755.0,1788.48,1752.0,1768.0,30312.67
20220512,1753.0,1778.0,1750.0,1762.67,22038.23
20220513,1780.0,1797.94,1766.0,1778.24,20730.52
20220516,1797.0,1797.0,1742.67,1758.0,27765.31
20220517,1769.88,1775.0,1755.0,1768.0,20144.74
20220518,1773.66,1773.92,1743.02,1761.0,24850.44
20220519,1745.0,1757.0,1739.0,1756.0,19776.26
20220520,1759.99,1801.15,1752.0,1800.01,41949.6
20220523,1800.0,1803.89,1772.0,1781.0,22157.13
20220524,1786.0,1787.0,1755.5,1760.0,27342.22
20220525,1765.27,1772.0,1747.0,1755.51,22388.69
20220526,1761.0,1761.0,1730.0,1742.8,28053.44
20220527,1759.99,1780.0,1753.01,1755.16,25119.58
20220530,1766.0,1790.55,1766.0,1778.41,34465.69
20220531,1774.77,1814.9,1766.98,1804.03,40750.82
20220601,1802.0,1814.78,1779.0,1788.25,21760.01
20220602,1787.97,1795.8,1780.0,1786.0,16914.73
20220606,1790.0,1795.0,1758.0,1788.0,36741.26
20220607,1784.14,1825.0,1770.31,1817.9,35048.59
20220608,1825.0,1882.0,1825.0,1865.6,44353.81
20220609,1872.0,1888.35,1849.0,1853.0,26329.02
20220610,1845.01,1907.0,1835.0,1900.6,47344.62
20220613,1890.0,1892.0,1848.08,1856.0,36755.18
20220614,1834.0,1875.42,1832.0,1871.0,29416.23
20220615,1870.0,1905.0,1862.99,1875.1,33663.62
20220616,1894.59,1907.63,1875.33,1877.0,26886.7
20220617,1878.09,1952.0,1878.09,1951.0,50541.61
20220620,1950.0,1970.0,1930.0,1942.02,34974.78
20220621,1949.0,1966.99,1928.0,1945.74,23717.02
20220622,1955.0,1958.0,1932.0,1936.0,19646.65
20220623,1942.7,1965.04,1940.0,1957.1,26843.52
20220624,1970.0,2020.0,1965.0,2009.01,39634.65
20220627,2019.94,2049.94,2000.3,2010.55,40115.17
20220628,2019.74,2041.0,2001.0,2036.0,25245.71
20220629,2028.0,2042.0,2011.01,2030.0,30360.12
20220630,2000.0,2077.0,1999.99,2045.0,38982.43
20220701,2055.0,2067.77,2015.21,2029.05,21596.45
20220704,2020.01,2024.29,2001.01,2018.0,25075.89
20220705,2025.28,2054.45,2010.0,2033.01,26329.4
20220706,2032.0,2039.0,1986.0,2002.0,32751.66
20220707,2005.0,2009.35,1985.01,1990.0,20931.77
20220708,2005.0,2014.89,1996.16,1999.0,15643.89
20220711,1990.2,1994.77,1950.5,1963.6,23949.21
20220712,1965.0,1972.8,1930.06,1948.41,23446.86
20220713,1945.0,1972.0,1940.67,1958.89,19853.77
20220714,1960.0,1976.8,1941.0,1953.0,20527.24
20220715,1945.11,1999.68,1944.51,1949.5,33416.23
20220718,1952.36,1959.0,1922.0,1951.66,24220.72
20220719,1945.0,1951.65,1926.0,1943.1,21956.03
20220720,1958.75,1970.0,1945.0,1950.1,18704.61
20220721,1943.1,1955.9,1934.51,1939.0,14061.37
20220722,1949.22,1962.0,1935.0,1947.0,25113.57
20220725,1949.51,1952.3,1931.0,1944.65,16912.44
20220726,1952.99,1964.97,1947.02,1950.21,20685.1
20220727,1942.0,1948.0,1917.0,1919.6,21489.87
20220728,1921.1,1938.0,1892.66,1898.0,34869.86
20220729,1895.1,1918.99,1878.1,1898.44,37032.36
20220801,1890.01,1908.0,1881.18,1890.3,21037.41
20220802,1880.0,1887.98,1858.01,1879.98,28220.88
20220803,1889.99,1904.0,1877.0,1885.0,24598.42
20220804,1890.0,1923.1,1880.13,1916.01,30357.14
20220805,1927.8,1935.0,1904.9,1923.96,20085.84
20220808,1915.15,1932.88,1907.51,1911.53,16799.01
20220809,1911.53,1918.99,1905.0,1910.0,13874.61
20220810,1909.98,1918.0,1864.58,1876.0,27926.62
20220811,1886.0,1907.0,1878.01,1906.9,26061.49
20220812,1906.9,1930.0,1900.0,1928.0,20259.83
20220815,1920.46,1939.5,1915.55,1919.89,19323.14
20220816,1923.94,1933.79,1916.0,1917.84,14835.84
20220817,1930.0,1930.0,1895.0,1918.0,18360.63
20220818,1908.0,1913.08,1881.07,1895.5,23167.77
20220819,1898.0,1908.35,1888.0,1895.01,13544.17
20220822,1885.01,1907.0,1881.38,1893.98,15426.67
20220823,1898.6,1898.6,1867.0,1870.01,23756.36
20220824,1869.99,1875.23,1851.0,1854.2,18727.61
20220825,1859.0,1888.0,1854.2,1885.0,21925.34
20220826,1900.0,1912.0,1886.0,1898.0,23141.95
20220829,1883.0,1899.97,1874.0,1878.82,13569.62
20220830,1882.35,1885.0,1854.2,1870.0,18235.39
20220831,1860.1,1925.56,1860.01,1924.0,44691.51
20220901,1912.15,1916.0,1880.89,1880.89,26845.08
20220902,1889.94,1892.96,1866.17,1875.0,19391.32
20220905,1862.64,1869.0,1820.0,1835.0,36821.87
20220906,1835.36,1848.2,1825.0,1845.0,20830.04
20220907,1835.03,1837.66,1811.01,1818.01,28306.16
20220908,1820.0,1832.0,1815.0,1815.0,16590.57
20220909,1825.0,1852.0,1816.0,1844.79,27089.86
20220913,1880.0,1888.38,1858.23,1879.0,28693.09
20220914,1864.01,1880.0,1863.0,1869.0,16041.57
20220915,1870.0,1893.12,1869.96,1880.0,20810.21
20220916,1871.8,1885.6,1855.11,1859.0,24121.27
20220919,1855.0,1888.59,1852.88,1871.64,18583.51
20220920,1869.98,1884.6,1858.55,1878.0,14116.3
20220921,1876.67,1883.0,1848.0,1848.0,20994.54
20220922,1840.0,1841.02,1816.85,1820.81,22704.29
20220923,1820.81,1855.0,1820.81,1834.43,28287.69
20220926,1820.0,1888.0,1819.98,1863.0,35134.92
20220927,1868.86,1897.0,1851.11,1888.0,28820.19
20220928,1880.5,1899.4,1874.01,1883.0,21445.97
20220929,1897.98,1902.18,1871.13,1880.35,21589.66
20220930,1898.62,1901.99,1866.0,1872.5,21289.08
20221010,1890.0,1891.0,1780.2,1786.0,48584.13
20221011,1789.0,1806.0,1760.0,1779.99,32047.19
20221012,1773.66,1779.0,1708.0,1760.0,48195.0
20221013,1720.46,1735.0,1697.0,1699.99,63969.27
20221014,1710.0,1755.0,1701.94,1737.61,46519.7
20221017,1726.0,1727.99,1697.8,1718.5,33549.51
20221018,1725.0,1730.0,1701.0,1705.83,28082.77
20221019,1701.98,1701.98,1648.0,1648.0,60120.93
20221020,1621.0,1668.43,1611.0,1643.5,42778.07
20221021,1640.0,1647.8,1610.0,1624.0,38907.4
20221024,1570.0,1589.0,1488.01,1501.28,132098.04
20221025,1479.42,1515.0,1472.0,1479.75,81361.56
20221026,1488.8,1514.99,1460.0,1464.08,81780.83
20221027,1480.0,1487.98,1383.85,1401.0,107105.9
20221028,1390.77,1406.0,1358.71,1360.0,93142.75
20221031,1350.0,1382.01,1333.0,1350.0,71846.65
20221101,1359.0,1469.4,1359.0,1462.01,118766.48
20221102,1460.0,1506.0,1436.0,1471.96,79777.15
20221103,1443.57,1462.5,1428.1,1439.5,45159.7
20221104,1437.96,1527.77,1437.96,1516.57,80007.95
20221107,1494.05,1518.48,1486.59,1507.11,42698.35
20221108,1508.0,1517.99,1468.96,1484.88,39324.91
20221109,1483.95,1488.88,1450.0,1459.9,36090.16
20221110,1444.0,1485.0,1435.15,1475.0,37719.67
20221111,1528.0,1544.45,1494.98,1528.15,73947.15
20221114,1543.5,1563.53,1528.0,1533.0,57370.15
20221115,1532.0,1598.97,1521.0,1588.0,56317.6
20221116,1581.0,1598.0,1568.0,1585.25,26847.76
20221117,1590.5,1596.3,1552.88,1567.0,30579.88
20221118,1576.0,1584.0,1556.0,1567.13,23608.71
20221121,1541.35,1541.35,1498.53,1519.98,39096.0
20221122,1517.44,1559.74,1516.11,1539.95,29900.62
20221123,1528.0,1557.0,1521.04,1549.0,22177.46
20221124,1559.0,1568.88,1513.98,1519.99,27687.38
20221125,1520.51,1532.0,1510.0,1522.01,18621.04
20221128,1484.78,1515.0,1451.0,1509.88,47723.21
20221129,1569.56,1600.0,1551.0,1599.0,73420.13
20221130,1587.12,1604.0,1585.0,1599.0,31497.3
20221201,1660.0,1680.0,1630.79,1630.8,51357.68
20221202,1635.0,1652.99,1621.2,1633.88,23883.9
20221205,1668.0,1679.0,1649.0,1664.9,36127.46
20221206,1655.0,1726.9,1652.0,1688.0,44147.48
20221207,1677.81,1720.0,1670.03,1684.0,35526.26
20221208,1682.0,1695.0,1665.0,1687.02,19729.56
20221209,1692.0,1730.0,1682.0,1730.0,39215.26
20221212,1715.86,1766.0,1715.0,1739.02,34755.17
20221213,1737.0,1760.69,1730.0,1750.0,21385.46
20221214,1743.0,1780.8,1743.0,1770.87,29098.4
20221215,1805.0,1816.0,1780.0,1786.99,30634.44
20221216,1773.25,1791.0,1743.0,1786.87,33302.66
20221219,1798.8,1798.8,1760.17,1773.0,24987.1
20221220,1765.33,1765.33,1682.45,1715.0,46198.4
20221221,1724.0,1739.0,1717.65,1739.0,22816.14
20221222,1756.7,1783.0,1745.0,1768.0,23175.34
20221223,1752.4,1782.0,1745.0,1771.0,17319.21
20221226,1771.0,1771.0,1735.02,1742.06,21383.8
20221227,1738.0,1747.15,1725.5,1733.0,17905.05
20221228,1745.88,1747.0,1708.01,1733.0,21437.9
20221229,1717.0,1726.99,1701.05,1719.0,22417.8
20221230,1736.0,1752.99,1727.0,1727.0,25333.12
20230103,1731.2,1738.43,1706.01,1730.01,26033.8
20230104,1730.0,1738.7,1716.0,1725.01,20415.75
20230105,1737.0,1801.0,1733.0,1801.0,47942.85
20230106,1806.12,1811.9,1787.0,1803.77,24903.75
20230109,1835.0,1849.98,1807.82,1841.2,30977.23
20230110,1839.06,1864.5,1830.5,1854.45,22731.73
20230111,1856.0,1860.0,1836.84,1844.95,22720.31
20230112,1848.0,1856.0,1833.0,1834.0,17193.17
20230113,1844.18,1888.0,1840.0,1887.0,31939.65
20230116,1886.0,1935.0,1881.0,1912.9,36848.26
20230117,1913.16,1923.0,1895.0,1908.0,21299.23
20230118,1914.0,1925.3,1890.0,1893.0,21062.93
20230119,1892.5,1892.52,1866.0,1880.21,23438.89
20230120,1889.19,1898.25,1858.0,1860.01,25608.75
20230130,1909.0,1909.0,1880.0,1888.0,35922.55
20230131,1896.5,1899.95,1833.07,1845.76,32990.68
20230201,1854.98,1859.0,1811.4,1844.97,33973.89
20230202,1848.38,1859.0,1826.0,1836.11,29758.86
20230203,1820.0,1826.0,1795.68,1818.0,34944.9
20230206,1780.0,1795.0,1760.0,1795.0,42660.95
20230207,1808.08,1808.8,1787.73,1797.0,24321.71
20230208,1800.01,1805.97,1775.0,1784.0,16675.77
20230209,1778.0,1829.75,1775.01,1818.0,29753.66
20230210,1810.1,1818.49,1801.05,1810.0,17984.51
20230213,1810.0,1874.5,1810.0,1856.35,38146.7
20230214,1856.46,1857.4,1835.0,1843.79,19565.76
20230215,1843.78,1855.3,1835.81,1841.0,18176.91
20230216,1841.34,1887.0,1828.0,1861.82,33245.95
20230217,1850.16,1873.0,1820.05,1820.78,26442.83
20230220,1821.0,1878.8,1817.2,1875.0,29668.69
20230221,1874.0,1874.0,1851.0,1867.0,18750.52
20230222,1855.01,1863.9,1831.8,1836.0,21869.16
20230223,1840.0,1848.8,1805.25,1818.0,21880.97
20230224,1810.11,1810.19,1782.18,1788.0,24634.61
20230227,1778.5,1815.0,1775.02,1810.41,22064.89
20230228,1819.0,1822.01,1783.3,1813.74,23951.81
20230301,1813.0,1848.0,1803.23,1838.53,24458.1
20230302,1829.0,1838.99,1821.1,1828.0,13144.19
20230303,1839.77,1841.61,1802.48,1818.04,16198.06
20230306,1818.18,1818.5,1796.77,1807.14,20645.86
20230307,1805.98,1816.6,1788.0,1788.3,22785.39
20230308,1780.02,1785.94,1761.12,1770.42,22763.7
20230309,1768.0,1785.0,1740.0,1770.02,27611.5
20230310,1751.57,1781.0,1750.0,1750.0,21160.82
20230313,1751.0,1775.0,1749.0,1762.0,20560.43
20230314,1763.78,1779.88,1738.5,1766.0,23704.92
20230315,1778.37,1784.88,1750.12,1750.92,19212.53
20230316,1740.0,1770.0,1739.01,1751.99,17646.24
20230317,1770.0,1775.89,1736.0,1742.0,27022.91
20230320,1751.0,1755.0,1728.0,1729.6,20490.93
20230321,1735.0,1785.85,1723.97,1775.0,31141.82
20230322,1780.0,1793.0,1765.55,1773.35,15330.26
20230323,1766.0,1791.11,1765.01,1774.86,17355.66
20230324,1769.08,1783.6,1766.0,1778.62,12769.96
20230327,1778.6,1778.6,1756.0,1767.79,15295.55
20230328,1770.0,1790.0,1765.02,1781.8,17261.35
20230329,1799.0,1800.0,1785.07,1790.0,15392.99
20230330,1793.0,1805.0,1779.0,1800.0,19257.01
20230331,1825.0,1848.0,1819.0,1820.0,27446.33
20230403,1825.0,1827.77,1800.08,1802.07,21417.43
20230404,1812.0,1815.17,1787.0,1814.59,20066.26
20230406,1805.0,1815.9,1788.22,1796.96,14874.22
20230407,1795.0,1806.01,1788.34,1790.99,13524.68
20230410,1790.88,1790.88,1744.0,1771.7,29418.22
20230411,1793.0,1793.0,1744.0,1745.5,29209.19
20230412,1747.26,1750.0,1692.82,1694.1,51104.92
20230413,1690.0,1723.59,1684.01,1723.0,29542.68
20230414,1726.0,1733.0,1704.8,1713.42,21231.62
20230417,1740.0,1753.0,1728.0,1753.0,30467.23
20230418,1753.0,1769.0,1746.02,1758.0,18313.89
20230419,1762.0,1765.5,1750.0,1759.0,14600.56
20230420,1760.11,1765.0,1729.0,1741.88,19885.37
20230421,1746.0,1748.08,1721.28,1725.47,18517.87
20230424,1721.0,1722.0,1701.0,1705.0,20230.91
20230425,1706.0,1735.98,1702.0,1730.38,20582.51
20230426,1744.0,1761.0,1720.0,1743.91,27891.6
20230427,1748.0,1770.0,1730.0,1757.92,25605.04
20230428,1763.01,1782.77,1753.97,1760.52,26224.64
20230504,1769.0,1777.67,1736.0,1749.9,27466.42
20230505,1766.0,1766.0,1736.39,1750.0,20714.21
20230508,1768.32,1769.0,1717.17,1720.52,33171.26
20230509,1715.0,1739.98,1707.07,1722.0,29377.96
20230510,1715.19,1736.0,1715.0,1725.0,20772.6
20230511,1731.0,1735.0,1715.0,1717.07,15246.12
20230512,1715.0,1729.88,1705.01,1706.4,19460.45
20230515,1702.0,1717.0,1691.2,1716.3,25740.18
20230516,1713.99,1719.99,1697.0,1703.29,22223.77
20230517,1708.0,1713.0,1699.01,1701.0,16776.91
20230518,1704.99,1705.4,1690.0,1691.0,19219.28
20230519,1671.0,1704.33,1655.55,1699.5,26741.16
20230522,1690.01,1752.0,1690.0,1746.0,41284.32
20230523,1753.99,1754.0,1724.55,1724.55,16894.21
20230524,1732.33,1733.55,1710.11,1710.9,18479.27
20230525,1705.99,1710.0,1690.0,1701.0,22465.6
20230526,1702.0,1705.0,1675.01,1690.56,18291.1
20230529,1697.0,1698.35,1678.0,1689.0,17771.41
20230530,1689.0,1698.89,1658.56,1668.29,26453.4
20230531,1661.01,1665.72,1626.67,1628.9,36956.97
20230601,1618.0,1674.99,1618.0,1635.92,28645.25
20230602,1645.0,1673.15,1636.11,1670.6,25058.02
20230605,1666.16,1682.88,1663.0,1665.0,16200.5
20230606,1670.0,1684.0,1651.55,1666.99,19913.92
20230607,1672.99,1678.8,1650.0,1650.9,17889.64
20230608,1655.83,1675.0,1650.01,1668.0,14702.72
20230609,1671.99,1677.97,1666.0,1666.0,17580.41
20230612,1666.02,1708.0,1661.52,1696.0,27029.44
20230613,1693.88,1704.61,1685.0,1699.0,14662.54
20230614,1719.0,1734.24,1706.21,1726.88,31505.8
20230615,1730.34,1755.65,1723.0,1755.0,25222.57
20230616,1757.0,1800.0,1750.1,1797.69,37917.89
20230619,1790.0,1797.95,1738.0,1744.0,31699.92
20230620,1740.0,1765.0,1735.0,1743.46,20946.74
20230621,1740.0,1756.6,1735.0,1735.83,17720.61
20230626,1720.11,1730.0,1695.0,1709.0,23992.68
20230627,1709.99,1719.7,1700.09,1711.05,15174.46
20230628,1713.18,1734.0,1711.0,1728.38,18573.56
20230629,1731.0,1734.99,1713.01,1713.71,14231.16
20230630,1700.0,1708.99,1686.48,1691.0,20458.69
20230703,1699.0,1725.28,1692.0,1724.1,19139.09
20230704,1724.2,1734.44,1718.08,1730.6,12472.38
20230705,1730.0,1731.97,1700.0,1715.38,14745.39
20230706,1709.16,1733.0,1700.0,1702.98,15140.62
20230707,1701.0,1708.99,1690.0,1690.03,15167.42
20230710,1705.0,1714.96,1700.0,1700.9,13477.41
20230711,1710.0,1715.17,1702.1,1710.0,12582.7
20230712,1713.04,1723.0,1711.33,1713.8,13284.67
20230713,1721.99,1745.41,1719.01,1738.4,25806.54
20230714,1756.0,1758.5,1741.2,1753.0,18550.3
20230717,1751.0,1751.0,1726.6,1729.97,14336.48
20230718,1733.58,1734.51,1721.0,1722.8,14737.65
20230719,1715.01,1728.0,1713.8,1723.0,12483.22
20230720,1727.99,1748.98,1722.0,1724.0,16692.65
20230721,1731.88,1772.5,1726.0,1771.3,39377.4
20230724,1750.52,1771.15,1750.52,1771.15,19713.37
20230725,1800.0,1828.88,1799.99,1828.55,43086.46
20230726,1828.55,1835.99,1815.08,1828.55,19611.45
20230727,1836.0,1854.79,1828.7,1838.03,20340.43
20230728,1832.0,1900.0,1828.01,1897.0,39017.92
20230731,1908.0,1935.0,1874.0,1880.58,45378.61
20230801,1878.01,1906.95,1877.89,1889.0,19230.62
20230802,1883.4,1890.0,1866.8,1880.0,18508.72
20230803,1870.0,1890.0,1850.5,1878.47,21543.47
20230804,1887.82,1906.52,1882.0,1893.47,24573.64
20230807,1880.95,1898.0,1871.03,1887.93,23892.45
20230808,1880.03,1893.71,1864.08,1890.0,17736.18
20230809,1890.0,1905.0,1882.96,1890.28,18523.46
20230810,1882.0,1889.0,1862.3,1875.0,18436.19
20230811,1885.0,1885.4,1833.88,1834.0,26786.49
20230814,1810.0,1824.98,1796.0,1803.0,23731.19
20230815,1809.0,1818.0,1801.01,1812.98,14817.99
20230816,1807.58,1823.35,1806.0,1820.0,13184.31
20230817,1806.08,1834.0,1801.55,1828.05,17290.37
20230818,1831.99,1834.99,1802.59,1802.59,17023.34
20230821,1793.0,1813.99,1790.07,1791.0,18911.81
20230822,1800.99,1802.56,1771.02,1788.0,26650.36
20230823,1797.0,1800.0,1770.08,1774.0,19912.22
20230824,1779.62,1828.0,1775.0,1816.3,26055.09
20230825,1808.79,1837.77,1806.01,1824.98,18830.86
20230828,1898.58,1898.58,1831.88,1834.97,41052.13
20230829,1828.0,1869.08,1828.0,1851.33,28950.28
20230830,1867.9,1868.0,1843.66,1856.0,19811.81
20230831,1860.0,1860.0,1841.01,1847.0,14820.22
20230901,1852.83,1865.47,1846.03,1851.05,13145.19
20230904,1862.6,1879.94,1853.53,1866.0,23871.0
20230905,1868.0,1868.0,1856.8,1858.7,15658.74
20230906,1858.0,1866.66,1849.01,1861.0,11121.43
20230907,1852.6,1856.89,1831.19,1838.0,16981.57
20230908,1834.94,1834.94,1814.95,1818.5,12211.78
20230911,1808.0,1840.0,1808.0,1822.17,15926.0
20230912,1826.6,1826.98,1816.02,1819.96,12168.01
20230913,1829.92,1829.92,1800.05,1819.91,19501.43
20230914,1822.53,1826.98,1806.0,1818.69,17504.59
20230915,1819.0,1819.78,1781.3,1781.99,28431.46
20230918,1776.31,1829.5,1773.0,1829.2,32558.92
20230919,1822.2,1829.0,1808.0,1826.94,14989.5
20230920,1822.0,1830.0,1818.05,1824.0,12501.78
20230921,1818.01,1822.0,1798.39,1798.39,19489.19
20230922,1805.63,1849.96,1792.41,1849.0,34390.46
20230925,1847.5,1848.0,1826.59,1832.38,13979.13
20230926,1828.0,1834.88,1813.1,1816.0,15761.96
20230927,1815.0,1833.5,1802.8,1814.0,20879.94
20230928,1824.98,1824.98,1797.8,1798.55,20537.84
20231009,1796.94,1796.94,1764.9,1777.0,29762.68
20231010,1782.89,1798.98,1768.0,1770.0,20283.92
20231011,1784.65,1784.65,1768.0,1778.5,21944.86
20231012,1797.9,1798.23,1777.2,1786.0,14865.07
20231013,1770.88,1778.01,1738.19,1751.0,25027.88
20231016,1750.98,1756.0,1722.45,1729.9,20789.65
20231017,1739.0,1739.44,1716.0,1726.0,14945.23
20231018,1718.8,1742.0,1717.18,1728.0,20317.5
20231019,1700.0,1700.03,1626.03,1630.0,73492.37
20231020,1630.0,1655.0,1616.25,1645.0,45376.01
20231023,1629.97,1660.0,1621.6,1643.98,25234.23
20231024,1648.0,1653.36,1621.21,1642.95,29861.46
20231025,1670.11,1698.0,1667.02,1677.5,36178.98
20231026,1667.0,1688.0,1662.01,1672.23,22386.35
20231027,1664.0,1691.88,1660.6,1676.71,34262.39
20231030,1669.0,1688.88,1669.0,1681.0,24086.42
20231031,1680.0,1690.0,1667.85,1684.58,19858.77
20231101,1850.0,1850.0,1773.79,1780.99,93143.08
20231102,1795.0,1795.0,1776.06,1779.5,27907.64
20231103,1780.0,1814.89,1774.0,1811.24,30176.0
20231106,1820.0,1823.79,1801.12,1812.0,25523.92
20231107,1805.0,1810.0,1784.08,1791.17,19581.59
20231108,1784.05,1803.8,1782.87,1798.34,14545.67
20231109,1790.11,1799.0,1783.0,1794.11,12800.48
20231110,1780.55,1788.0,1773.1,1775.84,16465.57
20231113,1772.28,1784.88,1756.98,1764.0,18369.95
20231114,1764.0,1774.99,1760.01,1765.27,12816.75
20231115,1779.0,1782.89,1767.0,1772.93,18434.86
20231116,1774.0,1776.0,1760.05,1760.05,12557.57
20231117,1752.0,1759.0,1737.9,1753.42,21713.63
20231120,1755.0,1769.5,1736.66,1762.5,18608.04
20231121,1783.42,1798.0,1770.1,1790.0,30098.45
20231122,1783.3,1794.35,1780.54,1781.51,12664.57
20231123,1778.3,1788.0,1771.0,1786.0,11549.64
20231124,1789.0,1789.0,1775.0,1777.0,13085.4
20231127,1773.3,1773.3,1755.0,1763.0,16260.74
20231128,1761.0,1773.88,1758.0,1769.04,14519.76
20231129,1768.0,1776.0,1758.0,1774.71,17149.33
20231130,1776.72,1794.76,1771.08,1791.5,21353.42
20231201,1789.31,1789.7,1748.0,1760.28,33051.31
20231204,1760.28,1761.83,1745.28,1750.71,18440.47
20231205,1748.78,1748.88,1708.02,1709.0,29903.01
20231206,1702.63,1719.47,1701.13,1703.0,23851.29
20231207,1704.0,1709.08,1687.3,1700.0,25041.5
20231208,1700.0,1708.84,1692.22,1704.92,26288.01
20231211,1690.0,1704.0,1657.0,1698.0,36830.98
20231212,1687.6,1709.99,1684.0,1709.99,21010.66
20231213,1705.22,1705.72,1657.08,1660.0,38788.7
20231214,1665.96,1669.87,1635.02,1635.9,40672.15
20231215,1648.23,1677.77,1644.01,1645.0,37092.51
20231218,1640.0,1663.33,1635.0,1662.0,19897.34
20231219,1665.0,1679.87,1645.09,1675.0,22206.76
20231220,1658.0,1660.0,1643.0,1649.79,23092.03
20231221,1640.01,1672.32,1640.01,1670.0,29011.68
20231222,1669.7,1679.1,1658.01,1670.65,21666.84
20231225,1671.0,1678.6,1668.0,1672.0,12471.06
20231226,1672.5,1674.9,1657.5,1670.0,14771.26
20231227,1668.0,1677.15,1661.0,1667.06,16055.5
20231228,1670.99,1727.99,1667.06,1724.99,38338.06
20231229,1720.0,1749.58,1720.0,1726.0,27538.68
20240102,1715.0,1718.19,1678.1,1685.01,32156.44
20240103,1681.11,1695.22,1676.33,1694.0,20229.29
20240104,1693.0,1693.0,1662.93,1669.0,21551.07
20240105,1661.33,1678.66,1652.11,1663.36,20242.86
20240108,1661.0,1662.0,1640.01,1643.99,25586.2
20240109,1641.01,1652.32,1635.07,1641.0,24412.04
20240110,1641.1,1659.46,1638.0,1641.5,17350.67
20240111,1640.1,1657.94,1638.06,1646.57,16440.55
20240112,1639.97,1651.26,1639.4,1643.06,11603.24
20240115,1635.0,1654.97,1634.45,1640.0,17854.03
20240116,1638.5,1647.0,1624.94,1639.43,25903.14
20240117,1630.0,1635.48,1577.0,1577.0,51632.76
20240118,1574.0,1612.8,1555.55,1610.87,60439.81
20240119,1608.87,1638.01,1600.88,1635.0,46378.43
20240122,1629.0,1643.0,1618.88,1642.0,46945.89
20240123,1632.01,1639.95,1609.0,1619.0,34834.9
20240124,1629.0,1633.84,1603.56,1626.0,33216.35
20240125,1626.82,1641.0,1622.0,1638.0,31205.8
20240126,1630.36,1644.1,1623.0,1637.32,26954.75
20240129,1640.3,1660.58,1640.29,1650.0,31420.68
20240130,1649.98,1649.98,1610.0,1613.0,30866.33
20240131,1613.0,1619.97,1598.13,1604.91,29649.12
20240201,1605.5,1623.89,1601.0,1610.03,26485.15
20240202,1615.0,1627.78,1581.0,1596.0,39382.02
20240205,1596.0,1637.44,1595.25,1630.01,53130.36
20240206,1630.01,1685.48,1626.1,1676.0,52472.04
20240207,1681.03,1714.59,1661.61,1710.99,52601.07
20240208,1720.01,1725.0,1685.0,1706.0,46756.54
20240219,1737.87,1737.93,1688.0,1695.43,36977.44
20240220,1697.36,1697.36,1656.56,1670.0,34470.07
20240221,1666.02,1731.0,1662.0,1717.66,46154.07
20240222,1707.5,1723.01,1700.53,1718.38,22793.61
20240223,1711.11,1724.38,1700.02,1714.09,27305.89
20240226,1708.0,1708.74,1685.02,1694.98,27318.32
20240227,1683.0,1692.92,1678.0,1689.5,22079.85
20240228,1688.92,1696.57,1674.01,1681.55,31867.31
20240229,1681.55,1696.5,1679.2,1695.0,24758.33
20240301,1690.0,1694.97,1676.68,1685.06,26867.96
20240304,1679.0,1680.99,1670.05,1676.3,26484.77
20240305,1670.81,1697.0,1666.68,1695.1,36238.37
20240306,1691.0,1695.0,1678.02,1680.55,22142.48
20240307,1680.0,1689.8,1678.0,1683.63,21599.12
20240308,1680.56,1686.68,1670.05,1671.43,22156.23
20240311,1675.0,1698.88,1673.18,1694.49,29895.09
20240312,1693.94,1749.1,1690.5,1745.0,54226.54
20240313,1739.97,1748.0,1720.1,1727.45,26499.54
20240314,1719.0,1734.84,1711.5,1716.63,19404.79
20240315,1712.5,1732.4,1712.0,1717.49,17833.58
20240318,1715.0,1719.85,1699.0,1708.26,26055.01
20240319,1703.0,1719.94,1693.11,1708.02,23947.53
20240320,1703.36,1713.68,1700.23,1709.6,15249.25
20240321,1708.1,1719.0,1704.5,1709.0,16595.97
20240322,1705.03,1708.99,1688.0,1701.35,25456.14
20240325,1698.54,1698.77,1680.58,1689.01,24472.85
20240326,1687.46,1712.8,1687.46,1709.29,28069.07
20240327,1705.0,1712.0,1699.0,1701.0,18112.58
20240328,1695.0,1718.0,1693.2,1701.64,24642.18
20240329,1701.64,1710.99,1698.1,1702.9,13456.55
20240401,1709.99,1734.0,1708.7,1721.33,27131.37
20240402,1722.0,1724.99,1705.05,1713.99,25449.25
20240403,1734.0,1739.44,1710.02,1715.11,29045.8
20240408,1695.0,1696.0,1662.6,1666.66,59166.59
20240409,1660.67,1673.0,1658.45,1662.22,25589.82
20240410,1662.27,1664.99,1645.0,1647.98,27630.5
20240411,1640.11,1650.0,1634.69,1648.0,22766.24
20240412,1651.0,1664.0,1634.03,1634.03,26744.33
20240415,1635.01,1675.61,1634.98,1672.98,35817.71
20240416,1665.49,1679.56,1659.0,1670.0,26266.23
20240417,1668.0,1675.2,1658.0,1667.0,24819.11
20240418,1659.01,1682.98,1658.18,1670.78,26568.41
20240419,1660.78,1668.5,1641.28,1646.64,23499.92
20240422,1654.0,1678.88,1645.0,1675.06,29951.39
20240423,1675.0,1695.0,1675.0,1692.28,24979.95
20240424,1696.98,1699.91,1683.33,1693.6,17086.43
20240425,1690.33,1695.6,1682.25,1693.04,14476.48
20240426,1694.0,1714.0,1693.98,1709.43,30995.92
20240429,1696.95,1728.0,1693.82,1704.0,41332.23
20240430,1705.01,1729.88,1705.0,1705.0,30759.89
20240506,1733.97,1765.0,1727.0,1760.2,59909.49
20240507,1765.79,1777.8,1756.68,1770.0,24924.52
20240508,1769.69,1769.97,1755.67,1763.97,14769.09
20240509,1758.0,1764.98,1750.0,1756.0,22387.34
20240510,1761.1,1767.88,1733.99,1738.98,26206.61
20240513,1732.02,1732.66,1701.22,1706.0,37662.12
20240514,1705.99,1713.27,1700.01,1701.98,21274.17
20240515,1702.58,1708.0,1698.59,1700.0,15738.76
20240516,1705.0,1709.88,1690.0,1704.5,29679.54
20240517,1700.01,1716.58,1700.0,1715.0,28923.88
20240520,1717.99,1732.99,1708.11,1709.0,31425.72
20240521,1708.0,1709.73,1698.16,1705.0,16293.39
20240522,1703.0,1709.96,1691.0,1697.71,20285.68
20240523,1700.0,1706.38,1690.08,1692.01,18884.97
20240524,1693.0,1695.0,1677.0,1677.08,20216.63
20240527,1678.0,1687.45,1668.01,1670.12,25097.91
20240528,1670.4,1675.17,1663.0,1664.64,23520.87
20240529,1666.0,1680.0,1665.0,1674.0,19651.28
20240530,1675.0,1675.38,1649.0,1649.0,32207.92
20240531,1650.5,1663.5,1648.45,1648.45,21856.65
20240603,1650.0,1650.92,1635.11,1639.39,30261.05
20240604,1640.5,1656.0,1636.55,1653.2,20841.08
20240605,1652.0,1658.68,1643.03,1644.0,19055.57
20240606,1643.66,1651.99,1635.91,1639.81,25610.05
20240607,1646.13,1646.18,1619.01,1619.18,33524.55
20240611,1602.99,1605.0,1567.0,1569.0,70246.76
20240612,1570.0,1590.0,1570.0,1571.68,33170.5
20240613,1576.77,1576.89,1553.15,1555.01,36185.97
20240614,1555.0,1563.96,1520.46,1555.0,59514.16
20240617,1532.29,1548.77,1511.01,1541.5,48318.16
20240618,1530.89,1554.54,1516.68,1521.5,41258.25
20240619,1497.99,1504.0,1482.1,1501.0,41261.53
20240620,1500.0,1516.01,1498.0,1500.1,24710.68
20240621,1500.5,1504.98,1470.22,1471.0,43319.97
20240624,1423.0,1488.99,1414.01,1476.55,63839.93
20240625,1477.0,1502.99,1477.0,1486.65,42097.95
20240626,1480.0,1501.07,1477.8,1489.22,29569.77
20240627,1492.0,1493.97,1468.0,1490.49,32821.78
20240628,1480.0,1494.49,1464.0,1467.39,38582.02
20240701,1468.88,1472.99,1428.0,1440.38,32161.38
20240702,1433.0,1498.0,1433.0,1490.7,51852.98
20240703,1499.0,1513.01,1488.02,1500.0,31573.26
20240704,1505.0,1512.0,1481.13,1485.74,24379.73
20240705,1479.0,1493.18,1450.0,1453.0,38829.38
20240708,1443.0,1457.77,1419.14,1420.0,39527.05
20240709,1420.0,1454.89,1410.1,1438.03,33620.71
20240710,1439.25,1465.88,1435.0,1437.59,23763.22
20240711,1449.97,1469.0,1440.21,1462.09,29020.14
20240712,1473.01,1486.4,1465.45,1478.82,23386.34
20240715,1470.0,1488.0,1470.0,1474.9,19176.26
20240716,1476.0,1482.0,1465.05,1476.0,20316.44
20240717,1476.1,1503.0,1470.02,1501.4,34311.01
20240718,1499.5,1515.0,1492.53,1497.51,28870.39
20240719,1490.81,1529.18,1484.01,1525.62,38942.91
20240722,1525.03,1529.98,1491.65,1499.0,28543.21
20240723,1499.0,1501.0,1455.0,1455.0,30943.96
20240724,1450.2,1463.7,1435.0,1440.02,24122.55
20240725,1440.02,1448.0,1420.01,1430.49,28346.56
20240726,1430.49,1437.72,1410.9,1422.19,32353.79
20240729,1415.0,1421.99,1398.0,1398.02,30869.07
20240730,1385.98,1390.27,1361.3,1379.99,51779.04
20240731,1373.1,1427.27,1373.1,1421.28,43272.32
20240801,1418.0,1420.0,1384.7,1386.16,32038.1
20240802,1373.6,1396.97,1373.6,1385.45,21927.69
20240805,1388.88,1426.0,1385.52,1410.01,37736.07
20240806,1422.0,1424.0,1394.01,1404.7,27444.33
20240807,1405.5,1421.99,1398.3,1415.5,20622.21
20240808,1411.0,1448.18,1409.0,1430.69,25130.82
20240809,1460.03,1469.0,1436.8,1436.8,30138.49
20240812,1430.0,1443.0,1426.58,1436.1,13632.03
20240813,1433.0,1435.0,1412.01,1423.01,16308.43
20240814,1423.01,1424.9,1412.02,1413.3,13414.31
20240815,1405.03,1435.99,1403.95,1426.89,23038.97
20240816,1426.79,1435.92,1417.01,1431.2,16454.7
20240819,1432.0,1458.88,1425.0,1425.44,20432.79
20240820,1429.9,1429.93,1414.0,1422.72,18591.38
20240821,1420.0,1427.98,1415.69,1417.58,15091.65
20240822,1416.0,1420.0,1400.01,1410.05,19527.29
20240823,1408.0,1423.5,1406.12,1414.99,15320.46
20240826,1417.0,1423.86,1403.15,1412.0,15628.41
20240827,1412.0,1413.0,1401.11,1404.07,13657.4
20240828,1404.07,1406.0,1375.0,1389.0,31663.51
20240829,1380.0,1418.0,1380.0,1413.3,27471.61
20240830,1413.0,1458.07,1405.0,1443.19,38739.23
20240902,1430.0,1438.0,1395.0,1395.0,34134.59
20240903,1398.0,1414.98,1393.02,1410.0,17887.6
20240904,1402.0,1419.19,1399.74,1400.0,14211.09
20240905,1400.5,1407.0,1397.0,1404.88,14502.95
20240906,1405.0,1406.0,1398.0,1398.0,10321.04
20240909,1380.01,1393.71,1370.08,1375.0,28637.55
20240910,1370.02,1393.0,1370.02,1378.0,19802.84
20240911,1375.6,1385.88,1365.0,1380.0,20995.77
20240912,1380.0,1385.0,1334.91,1335.06,47948.31
20240913,1331.0,1332.0,1297.3,1304.13,56005.11
20240918,1300.0,1300.01,1266.66,1266.9,46185.31
20240919,1262.0,1292.88,1245.83,1261.0,59988.21
20240920,1261.5,1273.9,1250.03,1263.92,39981.84
20240923,1268.0,1293.5,1260.66,1261.54,45549.69
20240924,1285.09,1373.0,1265.09,1372.6,100412.81
20240925,1400.05,1427.0,1396.71,1399.0,73953.8
20240926,1399.96,1529.87,1396.0,1529.0,97278.06
20240927,1600.0,1629.2,1565.36,1629.2,87921.67
20240930,1692.0,1759.88,1652.0,1748.0,157293.41
20241008,1910.0,1910.0,1680.18,1723.0,194709.47
20241009,1700.0,1700.0,1590.0,1595.15,120196.84
20241010,1622.26,1668.08,1591.0,1640.0,74603.42
20241011,1615.4,1639.96,1590.0,1604.99,41914.71
20241014,1613.0,1620.63,1581.17,1601.99,44812.02
20241015,1599.0,1600.99,1553.01,1554.25,43571.43
20241016,1540.88,1549.8,1510.0,1522.5,46664.4
20241017,1537.0,1537.66,1493.41,1494.6,39459.55
20241018,1493.0,1567.84,1478.96,1541.0,68619.3
20241021,1541.21,1549.97,1521.21,1528.8,42007.9
20241022,1526.56,1560.18,1524.2,1543.0,36269.13
20241023,1544.11,1576.95,1532.0,1567.5,40088.46
20241024,1561.0,1575.0,1545.01,1552.2,23922.8
20241025,1547.0,1574.79,1546.01,1558.85,27745.08
20241028,1560.0,1565.0,1522.23,1565.0,39121.4
20241029,1560.0,1580.0,1530.0,1531.62,41165.78
20241030,1525.0,1551.19,1523.41,1532.0,32005.74
20241031,1532.15,1540.0,1520.0,1527.79,29957.35
20241101,1521.0,1545.13,1520.8,1533.75,32283.92
20241104,1544.93,1550.0,1528.06,1548.2,29092.92
20241105,1540.0,1577.7,1536.01,1576.99,45640.47
20241106,1575.0,1588.99,1561.22,1571.0,37631.43
20241107,1562.46,1653.5,1562.3,1649.14,74738.72
20241108,1660.89,1667.11,1601.01,1609.97,60771.2
20241111,1590.0,1609.95,1567.19,1598.01,43853.65
20241112,1589.0,1623.0,1573.95,1577.2,49222.66
20241113,1568.0,1586.66,1561.28,1578.5,29125.26
20241114,1570.0,1594.45,1565.65,1573.8,29248.14
20241115,1569.0,1583.8,1553.0,1559.0,33761.12
20241118,1562.0,1575.99,1555.0,1559.0,27092.19
20241119,1565.0,1569.37,1525.0,1541.92,33266.43
20241120,1543.0,1553.97,1531.3,1544.81,21344.55
20241121,1543.87,1548.99,1532.0,1545.13,18261.79
20241122,1541.15,1547.77,1507.82,1507.82,33436.11
20241125,1511.0,1532.0,1496.67,1498.57,33185.56
20241126,1498.57,1518.88,1488.88,1509.0,25744.79
20241127,1509.0,1522.15,1505.0,1519.05,25934.17
20241128,1522.0,1524.99,1502.0,1518.0,23952.03
20241129,1517.0,1555.0,1513.21,1525.74,36088.1
20241202,1526.0,1529.99,1515.1,1525.0,26819.54
20241203,1524.0,1528.9,1516.08,1526.74,24806.62
20241204,1520.07,1523.66,1510.0,1520.0,23923.89
20241205,1510.86,1517.86,1510.0,1511.0,16141.47
20241206,1513.0,1538.9,1508.07,1521.01,32039.69
20241209,1522.02,1529.72,1513.2,1518.8,19799.86
20241210,1570.0,1579.73,1545.18,1546.59,60312.1
20241211,1540.0,1555.0,1530.98,1535.6,29671.12
20241212,1532.02,1566.0,1529.0,1565.8,41936.52
20241213,1550.01,1554.99,1518.88,1519.0,49511.97
20241216,1521.0,1529.0,1510.71,1527.2,32537.1
20241217,1525.99,1569.0,1521.01,1558.0,54171.63
20241218,1557.97,1577.0,1547.1,1571.5,41162.26
20241219,1565.14,1567.93,1550.33,1551.01,24809.32
20241220,1531.13,1541.8,1520.02,1522.0,28157.74
20241223,1523.0,1538.0,1517.0,1526.45,21602.69
20241224,1525.0,1544.0,1521.59,1538.82,22104.92
20241225,1538.8,1538.8,1526.1,1530.0,17123.39
20241226,1534.0,1538.78,1523.0,1527.79,18286.51
20241227,1528.9,1536.0,1519.5,1528.97,20759.32
20241230,1533.97,1543.96,1525.0,1525.0,25129.82
20241231,1525.4,1545.0,1522.01,1524.0,39354.45
20250102,1524.0,1524.49,1480.0,1488.0,50028.7
20250103,1494.5,1494.99,1467.01,1475.0,32628.36
20250106,1453.0,1462.66,1432.8,1440.0,44255.12
20250107,1444.66,1451.89,1439.0,1440.2,24221.18
20250108,1440.0,1451.82,1426.66,1442.5,35258.21
20250109,1448.99,1464.58,1432.98,1444.0,29705.65
20250110,1447.1,1451.95,1436.0,1436.0,21871.95
20250113,1425.0,1444.44,1422.01,1443.98,21082.51
20250114,1444.95,1478.68,1442.0,1472.5,30956.57
20250115,1467.0,1474.6,1460.01,1471.27,18399.34
20250116,1474.0,1482.66,1442.0,1446.38,26342.13
20250117,1446.39,1461.0,1446.38,1454.75,18308.94
20250120,1461.0,1489.79,1460.0,1474.8,31409.75
20250121,1481.0,1482.0,1465.0,1468.15,16856.04
20250122,1463.27,1467.95,1438.0,1441.0,28293.84
20250123,1449.97,1468.0,1438.0,1443.0,27125.04
20250124,1442.0,1447.79,1430.31,1436.0,31360.34
20250127,1437.0,1443.97,1427.02,1434.99,29356.46
20250205,1440.0,1443.0,1402.21,1403.8,40756.52
20250206,1400.01,1421.99,1400.01,1412.84,27355.82
20250207,1413.68,1442.68,1403.41,1436.0,37242.07
20250210,1438.0,1440.0,1427.09,1431.51,20839.79
20250211,1434.95,1435.96,1415.9,1418.0,23572.83
20250212,1418.0,1445.0,1416.88,1443.0,25475.79
20250213,1443.02,1475.25,1434.51,1465.06,43385.36
20250214,1465.06,1477.0,1458.22,1475.0,27099.92
20250217,1481.0,1494.98,1467.1,1471.62,32470.59
20250218,1470.0,1492.99,1462.08,1475.0,27799.92
20250219,1475.05,1494.44,1464.9,1491.0,32393.31
20250220,1483.0,1491.97,1473.39,1474.0,23749.73
20250221,1480.0,1496.73,1473.01,1488.21,36417.83
20250224,1488.0,1499.52,1474.0,1479.07,34743.73
20250225,1470.01,1473.39,1452.0,1454.0,28387.43
20250226,1455.45,1464.96,1445.0,1460.01,26366.09
20250227,1460.02,1489.9,1454.0,1485.56,49762.17
20250228,1485.5,1528.38,1482.0,1500.79,56128.95
20250303,1502.6,1520.99,1481.5,1487.02,31595.66
20250304,1485.0,1486.0,1465.21,1470.11,25211.21
20250305,1472.0,1474.0,1460.1,1466.37,24605.22
20250306,1474.0,1510.2,1472.08,1505.98,42167.64
20250307,1503.0,1528.36,1503.0,1521.0,37991.35
20250310,1519.81,1526.88,1506.14,1522.9,31369.07
20250311,1517.0,1548.68,1512.0,1548.68,39775.6
20250312,1546.96,1549.68,1526.35,1542.58,29603.96
20250313,1544.0,1555.5,1530.88,1537.77,25724.39
20250314,1547.66,1628.01,1541.0,1628.01,92913.15
20250317,1657.0,1657.99,1626.88,1637.86,54689.13
20250318,1645.04,1652.0,1621.7,1624.0,31613.45
20250319,1624.29,1648.0,1623.0,1635.71,27389.55
20250320,1635.71,1637.6,1595.07,1604.0,36736.77
20250321,1599.0,1612.2,1568.83,1573.75,33614.3
20250324,1570.0,1589.66,1562.38,1583.0,25565.85
20250325,1588.0,1592.8,1566.66,1575.5,17674.38
20250326,1572.77,1582.58,1571.0,1576.0,14323.56
20250327,1576.0,1598.25,1573.38,1589.0,17955.63
20250328,1590.93,1593.0,1576.0,1585.21,16227.89
20250331,1580.98,1586.96,1560.06,1561.0,21084.94
20250401,1564.0,1569.89,1552.21,1556.02,18556.44
20250402,1558.0,1567.8,1545.5,1549.02,21674.01
20250403,1530.0,1586.0,1529.01,1568.88,35480.5
20250407,1520.01,1536.85,1462.0,1500.0,101952.67
20250408,1513.0,1545.0,1495.0,1545.0,73876.49
20250409,1525.02,1556.8,1520.55,1541.04,55630.04
20250410,1550.99,1555.0,1528.0,1549.0,38620.21
20250411,1579.97,1579.97,1545.0,1568.98,32634.23
20250414,1560.97,1566.0,1551.53,1551.99,21711.44
20250415,1552.0,1565.0,1545.0,1558.0,21489.28
20250416,1552.0,1576.0,1537.0,1559.17,31156.05
20250417,1554.0,1576.5,1549.99,1570.0,23846.05
20250418,1566.0,1575.0,1556.0,1565.94,20298.48
20250421,1565.5,1565.5,1551.0,1551.0,18057.03
20250422,1550.0,1556.3,1543.21,1548.8,18432.14
20250423,1559.0,1559.22,1545.0,1552.0,18668.76
20250424,1552.0,1560.68,1548.98,1552.25,14871.81
20250425,1557.1,1561.2,1550.0,1550.0,14764.9
20250428,1552.0,1555.0,1546.6,1550.0,14659.72
20250429,1550.0,1552.54,1532.02,1544.0,18921.8
20250430,1549.99,1566.66,1546.3,1547.0,25754.25
20250506,1559.0,1559.0,1544.33,1550.2,18300.26
20250507,1570.0,1570.0,1550.2,1555.0,27462.21
20250508,1553.0,1592.78,1549.83,1578.19,33481.06
20250509,1578.99,1597.45,1575.05,1591.18,23671.9
20250512,1598.0,1618.93,1596.61,1604.5,24735.33
20250513,1608.92,1608.92,1585.11,1590.3,21258.29
20250514,1590.0,1645.0,1588.18,1634.99,39460.12
20250515,1634.8,1643.59,1624.13,1632.01,24732.85
20250516,1633.99,1636.99,1614.13,1614.13,22935.22
20250519,1596.0,1600.0,1573.88,1578.98,38062.83
20250520,1580.0,1594.8,1575.1,1586.0,19521.53
20250521,1585.0,1595.94,1580.97,1580.97,19794.64
20250522,1580.99,1584.99,1570.1,1580.0,15090.24
20250523,1575.2,1587.9,1571.66,1572.6,21537.0
20250526,1570.0,1574.63,1545.0,1550.5,27086.53
20250527,1551.0,1558.6,1543.51,1543.9,17752.13
20250528,1543.99,1546.46,1533.0,1537.0,16265.68
20250529,1540.0,1555.0,1532.0,1540.0,21859.58
20250530,1540.15,1545.0,1515.24,1522.0,31239.18
20250603,1508.01,1519.0,1505.02,1509.0,28979.18
20250604,1510.5,1523.0,1509.22,1509.96,23008.09
20250605,1514.0,1516.0,1502.2,1514.0,23213.66
20250606,1513.8,1518.97,1503.0,1506.39,25023.07
20250609,1505.02,1508.7,1485.68,1486.11,44958.67
20250610,1486.0,1492.0,1474.8,1475.01,30492.2
20250611,1476.8,1494.0,1476.1,1480.0,30892.82
20250612,1480.0,1483.87,1454.1,1459.0,49903.61
20250613,1444.41,1449.97,1425.06,1426.95,59113.25
20250616,1401.2,1425.04,1401.18,1422.29,42887.87
20250617,1420.0,1427.0,1412.18,1427.0,27231.51
20250618,1440.0,1443.44,1421.01,1425.0,30760.99
20250619,1426.0,1433.67,1417.18,1426.0,24500.72
20250620,1423.58,1441.14,1420.2,1428.66,34815.81
20250623,1420.0,1433.0,1405.18,1420.0,26723.31
20250624,1423.35,1451.68,1423.35,1437.2,36311.51
20250625,1439.11,1449.2,1420.51,1435.86,41050.07
20250626,1415.0,1428.0,1410.08,1420.0,34860.25
20250627,1420.01,1423.0,1403.09,1403.09,38249.73
20250630,1403.5,1413.23,1402.0,1409.52,30457.3
20250701,1409.0,1411.94,1403.31,1405.1,19878.19
20250702,1409.5,1414.8,1400.0,1409.6,26218.25
20250703,1412.0,1422.69,1408.0,1415.6,24412.67
20250704,1415.7,1431.89,1410.01,1422.22,28766.91
20250707,1422.28,1423.5,1410.01,1410.7,23854.67
20250708,1410.71,1420.0,1410.7,1416.11,18673.7
20250709,1415.0,1429.97,1414.17,1418.88,27745.32
20250710,1418.97,1436.18,1410.4,1426.5,38725.03
20250711,1423.16,1458.0,1423.16,1427.0,57243.35
20250714,1430.0,1434.98,1421.6,1423.6,27780.94
20250715,1420.98,1422.93,1408.32,1411.0,35405.78
20250716,1410.01,1417.49,1409.95,1411.03,21286.05
20250717,1413.98,1423.01,1412.88,1416.35,23105.54
20250718,1420.0,1437.81,1416.38,1437.0,41823.41
20250721,1436.99,1446.8,1435.0,1443.0,26203.31
20250722,1444.0,1466.6,1440.68,1464.98,42118.98
20250723,1469.0,1495.0,1468.95,1475.5,45044.84
20250724,1476.0,1499.0,1475.0,1491.5,38803.64
20250725,1491.4,1491.4,1453.0,1455.0,41911.26
20250728,1453.0,1454.99,1436.3,1438.66,38586.32
20250729,1439.6,1448.79,1435.01,1439.0,26304.08
20250730,1444.0,1457.16,1437.0,1449.44,31867.71
20250731,1443.0,1444.87,1418.0,1421.67,51797.51
20250801,1421.87,1425.96,1414.0,1417.0,29635.59
20250804,1415.0,1419.8,1414.0,1419.0,18687.95
20250805,1421.0,1429.94,1417.11,1427.74,25342.27
20250806,1429.0,1429.0,1419.3,1423.88,23699.28
20250807,1423.88,1427.7,1420.06,1422.35,28001.34
20250808,1423.05,1426.5,1418.0,1420.97,18655.28
20250811,1423.5,1451.99,1423.0,1445.0,47159.07
20250812,1449.0,1465.07,1436.0,1437.04,42019.23
20250813,1425.0,1433.68,1420.0,1420.05,65527.54
20250814,1420.94,1447.51,1420.94,1426.99,48129.3
20250815,1426.01,1428.66,1420.22,1422.08,47581.65
20250818,1426.99,1436.64,1423.1,1428.5,47377.98
20250819,1433.5,1446.66,1432.0,1438.0,46371.86
20250820,1438.0,1452.8,1430.02,1450.0,45804.66
20250821,1453.45,1454.99,1443.65,1448.25,30890.57
20250822,1448.88,1464.0,1444.77,1463.95,44970.58
20250825,1470.01,1496.0,1466.0,1490.33,65324.55
20250826,1490.32,1494.23,1480.01,1481.61,39602.13
20250827,1481.88,1484.93,1448.0,1448.0,56006.09
20250828,1447.97,1456.1,1438.77,1446.1,39281.77
20250829,1453.0,1482.58,1452.0,1480.0,62256.48
20250901,1482.2,1488.0,1465.7,1476.1,45123.38
20250902,1478.66,1509.0,1478.0,1491.3,56688.37
20250903,1491.0,1503.5,1466.0,1480.55,45045.03
20250904,1472.0,1479.3,1460.47,1472.66,47746.76
20250905,1471.0,1486.97,1464.0,1483.0,37388.48
20250908,1483.0,1506.44,1477.5,1501.23,51382.98
20250909,1505.0,1509.95,1493.42,1505.0,35742.77
20250910,1506.66,1529.95,1496.0,1522.01,49663.31
20250911,1522.01,1526.02,1508.5,1523.5,37238.96
20250912,1526.0,1538.02,1510.53,1516.0,33722.09
20250915,1515.87,1517.48,1501.5,1515.1,25827.03
20250916,1515.1,1520.99,1496.21,1499.98,32717.89
20250917,1499.99,1510.28,1490.01,1493.0,30330.54
20250918,1492.0,1497.8,1463.5,1467.96,49721.25
20250919,1467.99,1475.5,1457.01,1467.97,32636.62
20250922,1465.09,1467.97,1450.01,1453.35,34947.08
20250923,1450.5,1457.5,1440.0,1447.42,38663.0
20250924,1434.07,1456.78,1434.07,1442.0,30743.5
20250925,1442.83,1445.21,1436.0,1439.0,33869.73
20250926,1441.18,1447.11,1428.01,1435.0,45120.71
20250929,1439.38,1469.99,1435.0,1460.86,53684.03
20250930,1460.0,1460.76,1440.0,1443.99,39363.62
20251009,1436.0,1439.38,1420.0,1436.78,54918.12
20251010,1437.6,1439.94,1427.5,1430.0,36001.44
20251013,1415.7,1422.85,1415.12,1419.2,46068.8
20251014,1429.99,1464.0,1429.99,1451.02,66672.33
20251015,1450.98,1463.0,1445.08,1462.0,42785.4
20251016,1461.92,1484.95,1458.88,1484.91,45730.15
20251017,1483.1,1488.0,1454.03,1455.0,38085.89
20251020,1455.0,1469.5,1454.88,1457.93,25949.88
20251021,1459.0,1469.94,1455.5,1462.26,25442.67
20251022,1462.08,1465.73,1456.0,1458.7,18194.92
20251023,1455.0,1468.8,1447.2,1467.98,29322.35
20251024,1467.95,1478.88,1449.34,1450.0,38225.83
20251027,1440.0,1452.49,1435.99,1440.41,37102.39
20251028,1442.0,1451.2,1441.1,1445.0,27124.33
20251029,1440.02,1446.55,1430.04,1431.9,33937.11
20251030,1421.81,1436.63,1421.81,1426.74,47456.1
20251031,1422.0,1435.98,1420.11,1430.01,35693.77
20251103,1431.0,1448.0,1420.1,1435.0,34547.66
20251104,1435.1,1435.78,1423.78,1429.0,26565.72
20251105,1425.89,1430.99,1420.01,1420.08,34475.27
20251106,1430.0,1441.45,1429.99,1435.13,38347.82
20251107,1435.11,1439.78,1431.11,1433.33,18861.39
20251110,1435.0,1463.69,1434.98,1462.3,49451.54
20251111,1462.0,1462.18,1447.0,1458.99,26691.56
20251112,1459.98,1478.36,1459.21,1465.15,32992.1
20251113,1462.12,1473.58,1458.0,1470.38,31179.23
20251114,1470.0,1478.95,1456.3,1456.6,27473.06
20251117,1454.0,1473.0,1445.79,1471.0,34462.21
20251118,1470.7,1486.07,1469.0,1476.0,34204.78
20251119,1474.0,1479.53,1469.96,1471.01,22045.37
20251120,1472.0,1479.9,1465.03,1467.11,24002.32
20251121,1470.5,1480.0,1456.0,1466.6,42607.2
20251124,1467.0,1471.0,1451.13,1452.0,33607.44
20251125,1458.0,1458.0,1444.5,1444.65,28440.69
20251126,1448.88,1453.49,1443.58,1449.15,20306.16
20251127,1449.5,1450.0,1439.04,1447.3,22286.89
20251128,1446.5,1455.5,1443.0,1450.5,23211.21
20251201,1451.0,1462.27,1442.0,1448.0,27333.42
20251202,1448.0,1451.92,1435.02,1436.03,25047.26
20251203,1435.81,1435.97,1428.0,1429.1,23572.79
20251204,1429.1,1432.5,1418.38,1423.98,29075.39
20251205,1423.98,1433.09,1419.5,1430.01,25401.66
20251208,1429.2,1436.67,1418.0,1418.22,33602.8
20251209,1418.23,1421.0,1400.05,1401.01,42634.43
20251210,1400.0,1402.8,1383.18,1402.8,33133.47
20251211,1406.66,1411.99,1401.55,1411.99,22385.01
20251212,1418.0,1425.0,1413.57,1420.65,37159.19
20251215,1439.59,1439.99,1425.57,1426.0,33358.79
20251216,1426.2,1428.78,1415.0,1422.0,23963.67
20251217,1425.0,1439.94,1417.68,1433.1,31382.49
20251218,1433.5,1438.88,1426.11,1431.0,17829.95
20251219,1410.0,1412.45,1401.01,1410.0,26508.68
20251222,1410.0,1414.14,1406.58,1408.26,20425.65
20251223,1408.26,1412.93,1397.19,1407.86,24506.81
20251224,1404.99,1406.36,1400.0,1400.9,25186.69
20251225,1405.0,1419.48,1401.38,1414.17,23386.21
20251226,1414.17,1419.14,1410.0,1414.13,17802.99
20251229,1414.13,1414.13,1401.0,1402.0,26308.1
20251230,1401.0,1401.9,1386.0,1389.72,33791.94
20251231,1390.0,1394.0,1377.17,1377.18,34765.63
20260105,1385.0,1431.88,1385.0,1426.0,70949.42
20260106,1432.55,1436.97,1416.53,1428.01,39586.18
20260107,1432.88,1435.0,1420.2,1423.36,29683.8
20260108,1423.33,1423.36,1408.14,1412.3,29134.54
20260109,1417.0,1428.6,1416.01,1419.1,29847.74
20260112,1419.1,1431.0,1417.1,1423.23,36082.66
20260113,1426.79,1429.52,1408.99,1411.0,39168.66
20260114,1411.0,1422.25,1396.18,1398.01,51757.97
20260115,1396.02,1402.83,1388.58,1388.89,40907.14
20260116,1395.0,1397.5,1380.0,1382.0,55120.68
20260119,1381.9,1387.49,1375.0,1376.0,42286.4
20260120,1379.5,1381.58,1372.05,1373.55,36484.43
20260121,1373.56,1374.4,1350.0,1351.06,64516.25
20260122,1352.01,1361.76,1337.48,1340.06,59010.89
20260123,1340.1,1348.0,1332.47,1337.0,61948.9
20260126,1340.51,1355.0,1325.12,1342.0,80166.06
20260127,1344.98,1353.7,1338.0,1343.01,48415.96
20260128,1343.04,1346.71,1322.01,1323.69,76218.01
20260129,1335.0,1445.0,1329.06,1437.72,189534.4
20260130,1435.0,1435.0,1401.0,1401.0,94479.74
20260202,1425.0,1458.58,1411.62,1427.0,85724.27
20260203,1445.0,1476.81,1443.03,1474.92,86320.66
20260204,1485.0,1533.27,1474.0,1525.0,109122.93
20260205,1520.0,1565.0,1515.0,1555.0,91622.74
20260206,1555.0,1568.0,1505.88,1515.01,78965.38
20260209,1518.0,1542.88,1513.49,1524.96,51168.46
20260210,1524.97,1524.97,1496.5,1504.8,39575.96
20260211,1504.8,1514.0,1496.0,1504.33,30928.46
20260212,1500.2,1502.82,1473.36,1486.6,46245.82
20260213,1486.6,1507.8,1470.58,1485.3,41679.01
20260224,1521.0,1524.4,1463.6,1466.8,41912.53
20260225,1470.0,1509.66,1467.88,1491.66,36880.67
20260226,1486.6,1489.49,1464.67,1466.21,32958.01
20260227,1466.99,1476.21,1455.02,1455.02,32160.16
20260302,1450.0,1457.0,1436.66,1440.11,35453.86
20260303,1440.1,1452.87,1422.13,1426.19,45890.86
20260304,1415.0,1423.0,1392.09,1401.18,48014.43
20260305,1406.0,1412.96,1395.0,1399.04,30505.24
20260306,1395.0,1407.5,1388.0,1402.0,29154.15
20260309,1390.0,1404.9,1383.2,1397.0,37441.62
20260310,1404.9,1409.49,1398.0,1401.88,24625.92
20260311,1402.99,1405.99,1398.02,1400.0,24456.73
20260312,1395.0,1403.95,1391.01,1392.0,27586.46
20260313,1392.48,1417.62,1392.0,1413.64,33607.83
20260316,1420.0,1466.0,1420.0,1460.18,60086.35
20260317,1468.0,1498.07,1461.19,1485.0,49453.61
20260318,1489.0,1496.5,1463.15,1468.8,35551.0
20260319,1472.96,1473.0,1446.0,1452.87,30318.59
20260320,1452.96,1462.5,1439.0,1445.0,26132.34
